{
  "camera_pose": [
    [
      0.869367778301239,
      -0.4762815535068512,
      -0.13174079358577728,
      -0.21455448922592055
    ],
    [
      -0.49416571855545044,
      -0.8379053473472595,
      -0.23176655173301697,
      -0.3774580738872661
    ],
    [
      -1.4935824310668977e-07,
      0.2665921449661255,
      -0.9638099074363708,
      -1.5696706914595935
    ],
    [
      0.0,
      0.0,
      0.0,
      1.0
    ]
  ],
  "light_positions": [
    [
      -0.4139532148838043,
      -0.17007984220981598,
      2.0
    ],
    [
      1.497003197669983,
      -0.8694890141487122,
      2.0
    ],
    [
      -0.7449737787246704,
      -1.0485373735427856,
      2.0
    ],
    [
      1.5398638248443604,
      -0.5643238425254822,
      2.0
    ],
    [
      -0.5067602396011353,
      -1.5237289667129517,
      2.0
    ],
    [
      -1.34101402759552,
      0.7919995188713074,
      2.0
    ]
  ],
  "light_energies": [
    3147.229736328125,
    4511.298828125,
    2903.92041015625,
    3602.989013671875,
    4756.7353515625,
    4567.607421875
  ],
  "template_type": "ground+back+side",
  "objects": [
    "Cube",
    "Cone",
    "Sphere"
  ],
  "used_objaverse": false
}