{
  "camera_pose": [
    [
      -0.9955408573150635,
      -0.031785283237695694,
      -0.08881363272666931,
      -0.14125587233640455
    ],
    [
      -0.0943300873041153,
      0.3354562520980835,
      0.937321126461029,
      1.4907858479334757
    ],
    [
      6.523267614966244e-08,
      0.9415193796157837,
      -0.3369586169719696,
      -0.535924258520967
    ],
    [
      0.0,
      0.0,
      0.0,
      1.0
    ]
  ],
  "light_positions": [
    [
      0.39689162373542786,
      -1.5198386907577515,
      2.0
    ],
    [
      -1.0607426166534424,
      -0.2265213578939438,
      2.0
    ],
    [
      -1.4602916240692139,
      0.44493722915649414,
      2.0
    ],
    [
      1.7979713678359985,
      -0.4606347382068634,
      2.0
    ],
    [
      -1.423586368560791,
      0.8799005150794983,
      2.0
    ],
    [
      -0.13319377601146698,
      0.7739405632019043,
      2.0
    ],
    [
      -1.9650062322616577,
      -1.2147679328918457,
      2.0
    ],
    [
      0.9285479187965393,
      -0.3260459005832672,
      2.0
    ]
  ],
  "light_energies": [
    3223.340087890625,
    4194.7626953125,
    3164.175048828125,
    4136.056640625,
    4792.4892578125,
    3758.97216796875,
    2680.0849609375,
    2757.2578125
  ],
  "template_type": "ground",
  "objects": [
    "Cone",
    "Cube"
  ],
  "used_objaverse": false
}