{
  "camera_pose": [
    [
      -0.5895453095436096,
      0.31559354066848755,
      -0.7435302734375,
      -1.4509552211027292
    ],
    [
      -0.8077354431152344,
      -0.23034381866455078,
      0.5426834225654602,
      1.05901470253137
    ],
    [
      -1.6499093646871188e-07,
      0.9205121397972107,
      0.3907140791416168,
      0.762455556944564
    ],
    [
      0.0,
      0.0,
      0.0,
      1.0
    ]
  ],
  "light_positions": [
    [
      1.3781222105026245,
      1.1986970901489258,
      2.0
    ],
    [
      -0.1549081951379776,
      -1.325463891029358,
      2.0
    ],
    [
      -1.1431130170822144,
      0.1814599633216858,
      2.0
    ],
    [
      0.3960692286491394,
      -0.523012638092041,
      2.0
    ]
  ],
  "light_energies": [
    4197.08154296875,
    4133.40234375,
    3515.7412109375,
    4091.28466796875
  ],
  "template_type": "ground+back",
  "objects": [
    "Cone",
    "Cone.001"
  ],
  "used_objaverse": false
}