{
  "camera_pose": [
    [
      -0.8373143076896667,
      0.4356822371482849,
      0.33028265833854675,
      0.5269655083044402
    ],
    [
      0.5467226505279541,
      0.6672534942626953,
      0.5058332085609436,
      0.8070559290671654
    ],
    [
      2.04545585802407e-07,
      0.6041141748428345,
      -0.796898365020752,
      -1.2714497440429666
    ],
    [
      0.0,
      0.0,
      0.0,
      1.0
    ]
  ],
  "light_positions": [
    [
      1.6930115222930908,
      -1.8496897220611572,
      2.0
    ],
    [
      -1.7058988809585571,
      0.034919027239084244,
      2.0
    ],
    [
      -0.6421610116958618,
      -1.245457410812378,
      2.0
    ],
    [
      -1.2362124919891357,
      0.8251179456710815,
      2.0
    ],
    [
      -1.8149487972259521,
      1.7731746435165405,
      2.0
    ]
  ],
  "light_energies": [
    4544.8271484375,
    3771.122314453125,
    4285.24755859375,
    3221.05517578125,
    3244.791259765625
  ],
  "template_type": "ground+back",
  "objects": [
    "Sphere"
  ],
  "used_objaverse": false
}