{
  "camera_pose": [
    [
      0.17895108461380005,
      0.8188835382461548,
      -0.5453495383262634,
      -1.0878696810770025
    ],
    [
      -0.9838579297065735,
      0.1489444524049759,
      -0.09919192641973495,
      -0.19786935630153915
    ],
    [
      1.2414457728482375e-07,
      0.5542970299720764,
      0.8323189616203308,
      1.6603195445655756
    ],
    [
      0.0,
      0.0,
      0.0,
      1.0
    ]
  ],
  "light_positions": [
    [
      1.6193147897720337,
      0.13595324754714966,
      2.0
    ],
    [
      -1.765770673751831,
      0.6227132678031921,
      2.0
    ],
    [
      1.442040205001831,
      -0.7749902606010437,
      2.0
    ],
    [
      -1.8845348358154297,
      -1.8962163925170898,
      2.0
    ],
    [
      -1.7853611707687378,
      -1.0005450248718262,
      2.0
    ]
  ],
  "light_energies": [
    3010.11083984375,
    3214.08837890625,
    3856.01318359375,
    3363.00732421875,
    4585.5556640625
  ],
  "template_type": "ground+back+side",
  "objects": [
    "Cylinder",
    "Sphere"
  ],
  "used_objaverse": false
}