{
  "camera_pose": [
    [
      0.5397579669952393,
      0.6400227546691895,
      -0.5468385219573975,
      -1.0077689604862465
    ],
    [
      -0.8418203592300415,
      0.4103694558143616,
      -0.35062175989151,
      -0.6461609565945687
    ],
    [
      -5.40107691904268e-09,
      0.6495906114578247,
      0.7602842450141907,
      1.4011285016150037
    ],
    [
      0.0,
      0.0,
      0.0,
      1.0
    ]
  ],
  "light_positions": [
    [
      0.685774564743042,
      -1.3037364482879639,
      2.0
    ],
    [
      -0.381837397813797,
      -0.19563405215740204,
      2.0
    ],
    [
      0.09553922712802887,
      -0.187320739030838,
      2.0
    ],
    [
      -0.034294020384550095,
      1.2266370058059692,
      2.0
    ],
    [
      1.095940351486206,
      -0.9334902167320251,
      2.0
    ]
  ],
  "light_energies": [
    3678.688720703125,
    3762.59130859375,
    3541.609619140625,
    4414.4697265625,
    2856.982421875
  ],
  "template_type": "ground+back+side",
  "objects": [
    "Cylinder",
    "Cube"
  ],
  "used_objaverse": false
}