{
  "camera_pose": [
    [
      0.5533777475357056,
      0.2685270309448242,
      -0.7884581685066223,
      -1.3564391426702465
    ],
    [
      -0.8329303860664368,
      0.1784025877714157,
      -0.5238314867019653,
      -0.9011834550223733
    ],
    [
      2.778768859457159e-08,
      0.9466074705123901,
      0.3223883807659149,
      0.5546268248090316
    ],
    [
      0.0,
      0.0,
      0.0,
      1.0
    ]
  ],
  "light_positions": [
    [
      -0.9942582249641418,
      1.8827335834503174,
      2.0
    ],
    [
      1.3368054628372192,
      1.3280184268951416,
      2.0
    ],
    [
      0.5114068388938904,
      -0.08372097462415695,
      2.0
    ],
    [
      -1.2598788738250732,
      0.31442832946777344,
      2.0
    ],
    [
      -1.5713133811950684,
      -0.6484666466712952,
      2.0
    ]
  ],
  "light_energies": [
    3104.779541015625,
    3379.188720703125,
    4539.03173828125,
    4460.63232421875,
    4368.27734375
  ],
  "template_type": "ground+back+side",
  "objects": [
    "Sphere",
    "Cube",
    "Cube.001"
  ],
  "used_objaverse": false
}