{
  "camera_pose": [
    [
      -0.30778419971466064,
      0.26543259620666504,
      -0.9136818051338196,
      -1.8201228194052874
    ],
    [
      -0.9514562487602234,
      -0.08586414158344269,
      0.2955646514892578,
      0.5887873213482469
    ],
    [
      1.1691401624602804e-08,
      0.9602983593940735,
      0.27897509932518005,
      0.5557394466163064
    ],
    [
      0.0,
      0.0,
      0.0,
      1.0
    ]
  ],
  "light_positions": [
    [
      1.908692717552185,
      0.5352333188056946,
      2.0
    ],
    [
      -0.37203311920166016,
      1.3746916055679321,
      2.0
    ],
    [
      1.0450706481933594,
      -1.5760291814804077,
      2.0
    ],
    [
      -1.9795061349868774,
      0.0668967142701149,
      2.0
    ],
    [
      1.5774892568588257,
      -0.5961925983428955,
      2.0
    ],
    [
      0.6894503235816956,
      -1.5528180599212646,
      2.0
    ],
    [
      1.459632396697998,
      -1.998297095298767,
      2.0
    ],
    [
      -0.7070578336715698,
      -1.7783910036087036,
      2.0
    ]
  ],
  "light_energies": [
    4553.3388671875,
    3898.3056640625,
    3696.51708984375,
    3369.4072265625,
    3866.317626953125,
    4196.8017578125,
    4983.3017578125,
    3605.099365234375
  ],
  "template_type": "ground+back+side",
  "objects": [
    "Sphere",
    "Cone",
    "Cone.001"
  ],
  "used_objaverse": false
}