{
  "camera_pose": [
    [
      0.7056936025619507,
      0.09327317774295807,
      0.7023508548736572,
      1.0673976289862022
    ],
    [
      0.7085171937942505,
      -0.09290175884962082,
      -0.699552059173584,
      -1.063143964025168
    ],
    [
      5.279712667061176e-08,
      0.9912970066070557,
      -0.13164587318897247,
      -0.20006843492852386
    ],
    [
      0.0,
      0.0,
      0.0,
      1.0
    ]
  ],
  "light_positions": [
    [
      0.6424580216407776,
      -0.9835716485977173,
      2.0
    ]
  ],
  "light_energies": [
    4226.5771484375
  ],
  "template_type": "ground+back+side",
  "objects": [
    "Cone"
  ],
  "used_objaverse": false
}