{
  "camera_pose": [
    [
      0.3155461251735687,
      -0.38449525833129883,
      -0.8675216436386108,
      -1.408770770300196
    ],
    [
      -0.948910117149353,
      -0.12785793840885162,
      -0.2884814739227295,
      -0.46846574626129245
    ],
    [
      9.094309660895306e-08,
      0.9142293930053711,
      -0.4051964581012726,
      -0.6580000048475299
    ],
    [
      0.0,
      0.0,
      0.0,
      1.0
    ]
  ],
  "light_positions": [
    [
      -0.6381358504295349,
      -0.7581178545951843,
      2.0
    ],
    [
      -0.6593073010444641,
      1.2275090217590332,
      2.0
    ],
    [
      -1.1708122491836548,
      0.039284009486436844,
      2.0
    ]
  ],
  "light_energies": [
    4793.25,
    4432.96728515625,
    3815.35498046875
  ],
  "template_type": "ground+back",
  "objects": [
    "Cube"
  ],
  "used_objaverse": false
}